"","X1","X600","X0","X0.1","X0.2","X10.1699999999983","X0.3"
"1",1,600,0,0,0,10.1699999999983,0
"2",2,600,0,0,0,12.510000000002,0
"3",3,600,0,0,0,5.02000000000044,0
"4",4,600,0,0,0,4.76000000000204,0
"5",5,600,0,0,0,4.73999999999796,0
"6",6,600,0,0,0,4.20000000000073,0
"7",7,600,0,0,0,4.44000000000233,0
"8",8,600,0,0,0,10.5099999999984,0
"9",9,600,0,0,0,10.9300000000003,0
"10",10,600,0,0,0,11.119999999999,0
"11",11,600,0,0,0,11.119999999999,0
"12",12,600,0,0,0,10.8899999999994,0
"13",13,600,0,0,0,9.40999999999985,0
"14",14,600,0,0,0,4.90999999999985,0
"15",15,600,0,0,0,4.0099999999984,0
"16",16,600,0,0,0,3.93000000000029,0
"17",17,600,0,0,0,3.95999999999913,0
"18",18,600,0,0,0,4.10000000000218,0
"19",19,600,0,0,0,3.83999999999651,0
"20",20,600,0,0,0,3.9800000000032,0
"21",21,600,0,0,0,4.0099999999984,0
"22",22,600,0,0,0,3.89000000000306,0
"23",23,600,0,0,0,4.04000000000087,0
"24",24,600,0,0,0,3.97000000000116,0
"25",25,600,0,0,0,3.93999999999869,0
"26",26,600,0,0,0,4.09000000000015,0
"27",27,600,0,0,0,3.84000000000015,0
"28",28,600,0,0,0,3.95999999999913,0
"29",29,600,0,0,0,3.9900000000016,0
"30",30,600,0,0,0,3.86000000000058,0
"31",1,600,0,0,0.333333333333333,4.02000000000044,0
"32",2,600,0,0,0.333333333333333,3.91999999999825,0
"33",3,600,0,0,0.333333333333333,9.56999999999971,0
"34",4,600,0,0,0.333333333333333,10.75,0
"35",5,600,0,0,0.333333333333333,9.38000000000102,0
"36",6,600,0,0,0.333333333333333,4.72999999999956,0
"37",7,600,0,0,0.333333333333333,4.02000000000044,0
"38",8,600,0,0,0.333333333333333,3.87000000000262,0
"39",9,600,0,0,0.333333333333333,4.02999999999884,0
"40",10,600,0,0,0.333333333333333,3.93999999999869,0
"41",11,600,0,0,0.333333333333333,3.94000000000233,0
"42",12,600,0,0,0.333333333333333,4.10999999999694,0
"43",13,600,0,0,0.333333333333333,3.83000000000175,0
"44",14,600,0,0,0.333333333333333,3.97000000000116,0
"45",15,600,0,0,0.333333333333333,4.02000000000044,0
"46",16,600,0,0,0.333333333333333,3.89000000000306,0
"47",17,600,0,0,0.333333333333333,4.09999999999854,0
"48",18,600,0,0,0.333333333333333,3.98999999999796,0
"49",19,600,0,0,0.333333333333333,3.90000000000146,0
"50",20,600,0,0,0.333333333333333,4.09999999999854,0
"51",21,600,0,0,0.333333333333333,3.81000000000131,0
"52",22,600,0,0,0.333333333333333,3.93999999999869,0
"53",23,600,0,0,0.333333333333333,4.04000000000087,0
"54",24,600,0,0,0.333333333333333,3.90000000000146,0
"55",25,600,0,0,0.333333333333333,4.0099999999984,0
"56",26,600,0,0,0.333333333333333,3.95999999999913,0
"57",27,600,0,0,0.333333333333333,3.92000000000189,0
"58",28,600,0,0,0.333333333333333,4.11999999999898,0
"59",29,600,0,0,0.333333333333333,3.84000000000015,0
"60",30,600,0,0,0.333333333333333,3.95999999999913,0
"61",1,600,0,0,0.666666666666667,4.04000000000087,0
"62",2,600,0,0,0.666666666666667,3.90999999999985,0
"63",3,600,0,0,0.666666666666667,4.08000000000175,0
"64",4,600,0,0,0.666666666666667,3.98999999999796,0
"65",5,600,0,0,0.666666666666667,3.92000000000189,0
"66",6,600,0,0,0.666666666666667,4.13000000000102,0
"67",7,600,0,0,0.666666666666667,3.84000000000015,0
"68",8,600,0,0,0.666666666666667,4.11999999999898,0
"69",9,600,0,0,0.666666666666667,4.06000000000131,0
"70",10,600,0,0,0.666666666666667,3.93999999999869,0
"71",11,600,0,0,0.666666666666667,4,0
"72",12,600,0,0,0.666666666666667,3.95000000000073,0
"73",13,600,0,0,0.666666666666667,3.88000000000102,0
"74",14,600,0,0,0.666666666666667,4.11999999999898,0
"75",15,600,0,0,0.666666666666667,3.81999999999971,0
"76",16,600,0,0,0.666666666666667,3.95999999999913,0
"77",17,600,0,0,0.666666666666667,4.04000000000087,0
"78",18,600,0,0,0.666666666666667,3.86999999999898,0
"79",19,600,0,0,0.666666666666667,4.03000000000247,0
"80",20,600,0,0,0.666666666666667,3.95999999999913,0
"81",21,600,0,0,0.666666666666667,3.93000000000029,0
"82",22,600,0,0,0.666666666666667,4.11000000000058,0
"83",23,600,0,0,0.666666666666667,3.86000000000058,0
"84",24,600,0,0,0.666666666666667,3.97000000000116,0
"85",25,600,0,0,0.666666666666667,4.03999999999724,0
"86",26,600,0,0,0.666666666666667,3.88000000000102,0
"87",27,600,0,0,0.666666666666667,4.04000000000087,0
"88",28,600,0,0,0.666666666666667,3.96999999999753,0
"89",29,600,0,0,0.666666666666667,3.94000000000233,0
"90",30,600,0,0,0.666666666666667,4.15999999999985,0
"91",1,600,0,0,1,3.81999999999971,0
"92",2,600,0,0,1,4,0
"93",3,600,0,0,1,4.07999999999811,0
"94",4,600,0,0,1,3.87000000000262,0
"95",5,600,0,0,1,4,0
"96",6,600,0,0,1,3.95000000000073,0
"97",7,600,0,0,1,3.90000000000146,0
"98",8,600,0,0,1,4.13999999999942,0
"99",9,600,0,0,1,3.79000000000087,0
"100",10,600,0,0,1,3.97000000000116,0
"101",11,600,0,0,1,4.11999999999898,0
"102",12,600,0,0,1,3.90000000000146,0
"103",13,600,0,0,1,4.04999999999927,0
"104",14,600,0,0,1,4,0
"105",15,600,0,0,1,3.93999999999869,0
"106",16,600,0,0,1,4.11000000000058,0
"107",17,600,0,0,1,3.93000000000029,0
"108",18,600,0,0,1,4.02000000000044,0
"109",19,600,0,0,1,4.10000000000218,0
"110",20,600,0,0,1,3.91999999999825,0
"111",21,600,0,0,1,4.06999999999971,0
"112",22,600,0,0,1,4.01000000000204,0
"113",23,600,0,0,1,3.96000000000276,0
"114",24,600,0,0,1,4.22999999999956,0
"115",25,600,0,0,1,4.04999999999927,0
"116",26,600,0,0,1,4.11000000000058,0
"117",27,600,0,0,1,4.29000000000087,0
"118",28,600,0,0,1,4.09999999999854,0
"119",29,600,0,0,1,3.97999999999956,0
"120",30,600,0,0,1,3.93000000000029,0
"121",1,600,0,0.333333333333333,0,4.03999999999724,5.83333333333333
"122",2,600,0,0.333333333333333,0,4.12000000000262,12.5
"123",3,600,0,0.333333333333333,0,4.08000000000175,8.5
"124",4,600,0,0.333333333333333,0,4.20000000000073,10.8333333333333
"125",5,600,0,0.333333333333333,0,7.54999999999927,11.3333333333333
"126",6,600,0,0.333333333333333,0,10.6399999999994,8.16666666666667
"127",7,600,0,0.333333333333333,0,9.59000000000015,7.33333333333333
"128",8,600,0,0.333333333333333,0,6.67999999999665,7.33333333333333
"129",9,600,0,0.333333333333333,0,4.54000000000087,10.8333333333333
"130",10,600,0,0.333333333333333,0,4.43000000000029,8
"131",11,600,0,0.333333333333333,0,4.40000000000146,4.5
"132",12,600,0,0.333333333333333,0,4.61999999999898,3.33333333333333
"133",13,600,0,0.333333333333333,0,4.67000000000189,7.66666666666667
"134",14,600,0,0.333333333333333,0,5.13000000000102,4.66666666666667
"135",15,600,0,0.333333333333333,0,4.2599999999984,6.33333333333333
"136",16,600,0,0.333333333333333,0,4.04999999999927,10.5
"137",17,600,0,0.333333333333333,0,4.09000000000015,8.66666666666667
"138",18,600,0,0.333333333333333,0,4.18000000000029,5.83333333333333
"139",19,600,0,0.333333333333333,0,4.11999999999898,4.66666666666667
"140",20,600,0,0.333333333333333,0,4.20000000000073,7.5
"141",21,600,0,0.333333333333333,0,4.35000000000218,6
"142",22,600,0,0.333333333333333,0,4.51000000000204,6.16666666666667
"143",23,600,0,0.333333333333333,0,5.13999999999942,9.33333333333333
"144",24,600,0,0.333333333333333,0,4.18000000000029,11.6666666666667
"145",25,600,0,0.333333333333333,0,4.17000000000189,5.83333333333333
"146",26,600,0,0.333333333333333,0,4.71999999999753,9.5
"147",27,600,0,0.333333333333333,0,4.34000000000015,9
"148",28,600,0,0.333333333333333,0,4.13000000000102,7.33333333333333
"149",29,600,0,0.333333333333333,0,4.09999999999854,6.66666666666667
"150",30,600,0,0.333333333333333,0,3.86999999999898,11.3333333333333
"151",1,600,0,0.333333333333333,0.333333333333333,4.02000000000044,8.16666666666667
"152",2,600,0,0.333333333333333,0.333333333333333,4.11000000000058,4.5
"153",3,600,0,0.333333333333333,0.333333333333333,3.90999999999985,8
"154",4,600,0,0.333333333333333,0.333333333333333,4.04000000000087,5.16666666666667
"155",5,600,0,0.333333333333333,0.333333333333333,3.90999999999985,5.33333333333333
"156",6,600,0,0.333333333333333,0.333333333333333,3.95000000000073,5.83333333333333
"157",7,600,0,0.333333333333333,0.333333333333333,4.19999999999709,7.5
"158",8,600,0,0.333333333333333,0.333333333333333,3.85000000000218,7.66666666666667
"159",9,600,0,0.333333333333333,0.333333333333333,4.02000000000044,3.83333333333333
"160",10,600,0,0.333333333333333,0.333333333333333,4.02999999999884,7.33333333333333
"161",11,600,0,0.333333333333333,0.333333333333333,3.93000000000029,5.33333333333333
"162",12,600,0,0.333333333333333,0.333333333333333,4.09000000000015,9
"163",13,600,0,0.333333333333333,0.333333333333333,3.90999999999985,9.16666666666667
"164",14,600,0,0.333333333333333,0.333333333333333,3.95000000000073,7.33333333333333
"165",15,600,0,0.333333333333333,0.333333333333333,4.15999999999985,9.33333333333333
"166",16,600,0,0.333333333333333,0.333333333333333,12.1399999999994,8.16666666666667
"167",17,600,0,0.333333333333333,0.333333333333333,12.7999999999993,5.66666666666667
"168",18,600,0,0.333333333333333,0.333333333333333,12.0599999999977,8.16666666666667
"169",19,600,0,0.333333333333333,0.333333333333333,11.0600000000013,7.83333333333333
"170",20,600,0,0.333333333333333,0.333333333333333,12.760000000002,5.5
"171",21,600,0,0.333333333333333,0.333333333333333,10.9500000000007,9.5
"172",22,600,0,0.333333333333333,0.333333333333333,12.75,7.83333333333333
"173",23,600,0,0.333333333333333,0.333333333333333,12.3199999999997,7.16666666666667
"174",24,600,0,0.333333333333333,0.333333333333333,11.5,8.16666666666667
"175",25,600,0,0.333333333333333,0.333333333333333,11.619999999999,6.83333333333333
"176",26,600,0,0.333333333333333,0.333333333333333,5.53000000000247,6.83333333333333
"177",27,600,0,0.333333333333333,0.333333333333333,3.90999999999985,7.66666666666667
"178",28,600,0,0.333333333333333,0.333333333333333,4.11999999999898,7.33333333333333
"179",29,600,0,0.333333333333333,0.333333333333333,4.02000000000044,6.16666666666667
"180",30,600,0,0.333333333333333,0.333333333333333,4.0099999999984,8
"181",1,600,0,0.333333333333333,0.666666666666667,4.18999999999869,4
"182",2,600,0,0.333333333333333,0.666666666666667,3.92000000000189,5.16666666666667
"183",3,600,0,0.333333333333333,0.666666666666667,4.04999999999927,6
"184",4,600,0,0.333333333333333,0.666666666666667,4.13999999999942,11.3333333333333
"185",5,600,0,0.333333333333333,0.666666666666667,4.0099999999984,6.66666666666667
"186",6,600,0,0.333333333333333,0.666666666666667,4.06000000000131,9.83333333333333
"187",7,600,0,0.333333333333333,0.666666666666667,4.0099999999984,4.66666666666667
"188",8,600,0,0.333333333333333,0.666666666666667,3.97999999999956,12
"189",9,600,0,0.333333333333333,0.666666666666667,4.18000000000029,8
"190",10,600,0,0.333333333333333,0.666666666666667,3.84999999999854,6.66666666666667
"191",11,600,0,0.333333333333333,0.666666666666667,4,10.8333333333333
"192",12,600,0,0.333333333333333,0.666666666666667,4.09000000000015,8
"193",13,600,0,0.333333333333333,0.666666666666667,3.89999999999782,6
"194",14,600,0,0.333333333333333,0.666666666666667,4.11999999999898,7.66666666666667
"195",15,600,0,0.333333333333333,0.666666666666667,3.9900000000016,5.33333333333333
"196",16,600,0,0.333333333333333,0.666666666666667,3.95999999999913,7.5
"197",17,600,0,0.333333333333333,0.666666666666667,4.18000000000029,7.33333333333333
"198",18,600,0,0.333333333333333,0.666666666666667,3.88999999999942,10.5
"199",19,600,0,0.333333333333333,0.666666666666667,4.01000000000204,7.33333333333333
"200",20,600,0,0.333333333333333,0.666666666666667,4.10999999999694,7.5
"201",21,600,0,0.333333333333333,0.666666666666667,3.9800000000032,7.66666666666667
"202",22,600,0,0.333333333333333,0.666666666666667,4.09000000000015,9.16666666666667
"203",23,600,0,0.333333333333333,0.666666666666667,4.02000000000044,6.83333333333333
"204",24,600,0,0.333333333333333,0.666666666666667,4.01000000000204,8
"205",25,600,0,0.333333333333333,0.666666666666667,4.23999999999796,7.5
"206",26,600,0,0.333333333333333,0.666666666666667,3.93000000000029,7.33333333333333
"207",27,600,0,0.333333333333333,0.666666666666667,4.06000000000131,8.5
"208",28,600,0,0.333333333333333,0.666666666666667,4.13000000000102,8.33333333333333
"209",29,600,0,0.333333333333333,0.666666666666667,3.89999999999782,7.83333333333333
"210",30,600,0,0.333333333333333,0.666666666666667,4.02999999999884,12.8333333333333
"211",1,600,0,0.333333333333333,1,3.97999999999956,6.66666666666667
"212",2,600,0,0.333333333333333,1,3.93000000000029,9.5
"213",3,600,0,0.333333333333333,1,4.11000000000058,8.66666666666667
"214",4,600,0,0.333333333333333,1,3.90000000000146,5.16666666666667
"215",5,600,0,0.333333333333333,1,4,5.66666666666667
"216",6,600,0,0.333333333333333,1,4.17000000000189,4.66666666666667
"217",7,600,0,0.333333333333333,1,4.04999999999927,7.16666666666667
"218",8,600,0,0.333333333333333,1,4.20000000000073,6.83333333333333
"219",9,600,0,0.333333333333333,1,4.11999999999898,4.66666666666667
"220",10,600,0,0.333333333333333,1,4.31999999999971,11
"221",11,600,0,0.333333333333333,1,4.13999999999942,6.33333333333333
"222",12,600,0,0.333333333333333,1,3.97000000000116,9.66666666666667
"223",13,600,0,0.333333333333333,1,3.94000000000233,6.83333333333333
"224",14,600,0,0.333333333333333,1,4.06999999999971,6.5
"225",15,600,0,0.333333333333333,1,3.84000000000015,11.1666666666667
"226",16,600,0,0.333333333333333,1,3.9900000000016,5.66666666666667
"227",17,600,0,0.333333333333333,1,4.20000000000073,5.66666666666667
"228",18,600,0,0.333333333333333,1,4.06999999999971,7.33333333333333
"229",19,600,0,0.333333333333333,1,17.4199999999983,5.16666666666667
"230",20,600,0,0.333333333333333,1,12.2800000000025,7.33333333333333
"231",21,600,0,0.333333333333333,1,13.1899999999987,7.5
"232",22,600,0,0.333333333333333,1,13.1499999999978,3.33333333333333
"233",23,600,0,0.333333333333333,1,12.9000000000015,7.66666666666667
"234",24,600,0,0.333333333333333,1,11.2200000000012,7.33333333333333
"235",25,600,0,0.333333333333333,1,12.3999999999978,5.33333333333333
"236",26,600,0,0.333333333333333,1,13.3599999999969,9
"237",27,600,0,0.333333333333333,1,13.010000000002,8.33333333333333
"238",28,600,0,0.333333333333333,1,12.4199999999983,5.5
"239",29,600,0,0.333333333333333,1,12.0599999999977,9.33333333333333
"240",30,600,0,0.333333333333333,1,12.4300000000003,4.66666666666667
"241",1,600,0,0.666666666666667,0,12.2700000000004,12
"242",2,600,0,0.666666666666667,0,11.7599999999984,11.6666666666667
"243",3,600,0,0.666666666666667,0,11.8600000000006,8
"244",4,600,0,0.666666666666667,0,10.9199999999983,15.3333333333333
"245",5,600,0,0.666666666666667,0,10.6200000000026,9
"246",6,600,0,0.666666666666667,0,11.5,17.6666666666667
"247",7,600,0,0.666666666666667,0,11.6500000000015,8.5
"248",8,600,0,0.666666666666667,0,9.68999999999869,10.5
"249",9,600,0,0.666666666666667,0,11.2999999999993,12.8333333333333
"250",10,600,0,0.666666666666667,0,9.12999999999738,14.8333333333333
"251",11,600,0,0.666666666666667,0,11.0300000000025,8.16666666666667
"252",12,600,0,0.666666666666667,0,5.57999999999811,16.6666666666667
"253",13,600,0,0.666666666666667,0,4.06000000000131,16
"254",14,600,0,0.666666666666667,0,3.95999999999913,12.1666666666667
"255",15,600,0,0.666666666666667,0,3.90000000000146,11.1666666666667
"256",16,600,0,0.666666666666667,0,4.07999999999811,8
"257",17,600,0,0.666666666666667,0,3.83000000000175,10
"258",18,600,0,0.666666666666667,0,4.06999999999971,10
"259",19,600,0,0.666666666666667,0,4.22000000000116,13.1666666666667
"260",20,600,0,0.666666666666667,0,3.93999999999869,5.83333333333333
"261",21,600,0,0.666666666666667,0,4.02000000000044,7.5
"262",22,600,0,0.666666666666667,0,3.91999999999825,14.8333333333333
"263",23,600,0,0.666666666666667,0,4.18000000000029,7.33333333333333
"264",24,600,0,0.666666666666667,0,4.12000000000262,11.6666666666667
"265",25,600,0,0.666666666666667,0,3.84000000000015,7.83333333333333
"266",26,600,0,0.666666666666667,0,3.96999999999753,11
"267",27,600,0,0.666666666666667,0,4.01000000000204,13.6666666666667
"268",28,600,0,0.666666666666667,0,3.87999999999738,7
"269",29,600,0,0.666666666666667,0,4.06999999999971,7.83333333333333
"270",30,600,0,0.666666666666667,0,3.97999999999956,17.8333333333333
"271",1,600,0,0.666666666666667,0.333333333333333,3.94000000000233,14.1666666666667
"272",2,600,0,0.666666666666667,0.333333333333333,4.18999999999869,7.5
"273",3,600,0,0.666666666666667,0.333333333333333,3.88000000000102,8.83333333333333
"274",4,600,0,0.666666666666667,0.333333333333333,4.02000000000044,19.5
"275",5,600,0,0.666666666666667,0.333333333333333,4.03999999999724,15
"276",6,600,0,0.666666666666667,0.333333333333333,3.92000000000189,20.8333333333333
"277",7,600,0,0.666666666666667,0.333333333333333,4.06999999999971,3.83333333333333
"278",8,600,0,0.666666666666667,0.333333333333333,3.95999999999913,13.1666666666667
"279",9,600,0,0.666666666666667,0.333333333333333,3.93000000000029,13
"280",10,600,0,0.666666666666667,0.333333333333333,4.15000000000146,11.1666666666667
"281",11,600,0,0.666666666666667,0.333333333333333,11.1699999999983,11.3333333333333
"282",12,600,0,0.666666666666667,0.333333333333333,12.7999999999993,11.5
"283",13,600,0,0.666666666666667,0.333333333333333,12.2299999999996,9.16666666666667
"284",14,600,0,0.666666666666667,0.333333333333333,10.2200000000012,12.1666666666667
"285",15,600,0,0.666666666666667,0.333333333333333,13.3300000000017,14.8333333333333
"286",16,600,0,0.666666666666667,0.333333333333333,12.2000000000007,11.1666666666667
"287",17,600,0,0.666666666666667,0.333333333333333,12.4000000000015,11
"288",18,600,0,0.666666666666667,0.333333333333333,12.6899999999987,11.8333333333333
"289",19,600,0,0.666666666666667,0.333333333333333,13.0400000000009,13.3333333333333
"290",20,600,0,0.666666666666667,0.333333333333333,13.3599999999969,19.1666666666667
"291",21,600,0,0.666666666666667,0.333333333333333,12.4099999999999,11.6666666666667
"292",22,600,0,0.666666666666667,0.333333333333333,10.3999999999978,7.83333333333333
"293",23,600,0,0.666666666666667,0.333333333333333,12.9400000000023,9.33333333333333
"294",24,600,0,0.666666666666667,0.333333333333333,11.6500000000015,4.5
"295",25,600,0,0.666666666666667,0.333333333333333,11.4399999999987,12.5
"296",26,600,0,0.666666666666667,0.333333333333333,11.9599999999991,8
"297",27,600,0,0.666666666666667,0.333333333333333,12.0699999999997,4.33333333333333
"298",28,600,0,0.666666666666667,0.333333333333333,12.3999999999978,7.33333333333333
"299",29,600,0,0.666666666666667,0.333333333333333,12.8400000000001,14.6666666666667
"300",30,600,0,0.666666666666667,0.333333333333333,12.7299999999996,17.8333333333333
"301",1,600,0,0.666666666666667,0.666666666666667,12.1499999999978,6.66666666666667
"302",2,600,0,0.666666666666667,0.666666666666667,13.510000000002,9.5
"303",3,600,0,0.666666666666667,0.666666666666667,13.0499999999993,6
"304",4,600,0,0.666666666666667,0.666666666666667,12.4700000000012,7.16666666666667
"305",5,600,0,0.666666666666667,0.666666666666667,12.8100000000013,20.1666666666667
"306",6,600,0,0.666666666666667,0.666666666666667,12.4499999999971,11.1666666666667
"307",7,600,0,0.666666666666667,0.666666666666667,12.5099999999984,21.6666666666667
"308",8,600,0,0.666666666666667,0.666666666666667,12.6500000000015,5.33333333333333
"309",9,600,0,0.666666666666667,0.666666666666667,13.9099999999999,18.5
"310",10,600,0,0.666666666666667,0.666666666666667,12.2000000000007,9.16666666666667
"311",11,600,0,0.666666666666667,0.666666666666667,11.4699999999975,6.16666666666667
"312",12,600,0,0.666666666666667,0.666666666666667,13.2700000000004,13.5
"313",13,600,0,0.666666666666667,0.666666666666667,12.6399999999994,11.6666666666667
"314",14,600,0,0.666666666666667,0.666666666666667,12.8599999999969,17.6666666666667
"315",15,600,0,0.666666666666667,0.666666666666667,11.2000000000007,7.16666666666667
"316",16,600,0,0.666666666666667,0.666666666666667,15.4300000000003,15.3333333333333
"317",17,600,0,0.666666666666667,0.666666666666667,12.130000000001,12.1666666666667
"318",18,600,0,0.666666666666667,0.666666666666667,6.09000000000015,9.66666666666667
"319",19,600,0,0.666666666666667,0.666666666666667,4.07999999999811,16.1666666666667
"320",20,600,0,0.666666666666667,0.666666666666667,4.20999999999913,7.66666666666667
"321",21,600,0,0.666666666666667,0.666666666666667,4.56999999999971,6.66666666666667
"322",22,600,0,0.666666666666667,0.666666666666667,10.0600000000013,18.5
"323",23,600,0,0.666666666666667,0.666666666666667,11.4799999999996,12
"324",24,600,0,0.666666666666667,0.666666666666667,11.6800000000003,12
"325",25,600,0,0.666666666666667,0.666666666666667,13.4500000000007,12.1666666666667
"326",26,600,0,0.666666666666667,0.666666666666667,8.52999999999884,13.8333333333333
"327",27,600,0,0.666666666666667,0.666666666666667,4.17000000000189,4.83333333333333
"328",28,600,0,0.666666666666667,0.666666666666667,4.2400000000016,16.3333333333333
"329",29,600,0,0.666666666666667,0.666666666666667,4.14999999999782,10.6666666666667
"330",30,600,0,0.666666666666667,0.666666666666667,4.11999999999898,10.8333333333333
"331",1,600,0,0.666666666666667,1,4.56999999999971,8.83333333333333
"332",2,600,0,0.666666666666667,1,3.90000000000146,6.16666666666667
"333",3,600,0,0.666666666666667,1,4.0099999999984,9.83333333333333
"334",4,600,0,0.666666666666667,1,4.04000000000087,16.1666666666667
"335",5,600,0,0.666666666666667,1,3.93000000000029,12.1666666666667
"336",6,600,0,0.666666666666667,1,4.09000000000015,16
"337",7,600,0,0.666666666666667,1,3.97000000000116,15.8333333333333
"338",8,600,0,0.666666666666667,1,3.95999999999913,9.66666666666667
"339",9,600,0,0.666666666666667,1,4.16999999999825,12.1666666666667
"340",10,600,0,0.666666666666667,1,3.90000000000146,7
"341",11,600,0,0.666666666666667,1,4.06999999999971,13
"342",12,600,0,0.666666666666667,1,4.09000000000015,6.16666666666667
"343",13,600,0,0.666666666666667,1,3.93000000000029,15.8333333333333
"344",14,600,0,0.666666666666667,1,4.06999999999971,7.16666666666667
"345",15,600,0,0.666666666666667,1,4.03000000000247,10.8333333333333
"346",16,600,0,0.666666666666667,1,3.95000000000073,10.8333333333333
"347",17,600,0,0.666666666666667,1,4.12999999999738,13.3333333333333
"348",18,600,0,0.666666666666667,1,3.85000000000218,5.16666666666667
"349",19,600,0,0.666666666666667,1,4.0099999999984,12.3333333333333
"350",20,600,0,0.666666666666667,1,4.06000000000131,6
"351",21,600,0,0.666666666666667,1,3.90000000000146,7.83333333333333
"352",22,600,0,0.666666666666667,1,4.09000000000015,13
"353",23,600,0,0.666666666666667,1,3.97999999999956,16
"354",24,600,0,0.666666666666667,1,3.95999999999913,16.3333333333333
"355",25,600,0,0.666666666666667,1,4.13999999999942,9.66666666666667
"356",26,600,0,0.666666666666667,1,3.85000000000218,9.33333333333333
"357",27,600,0,0.666666666666667,1,3.98999999999796,11.1666666666667
"358",28,600,0,0.666666666666667,1,4.06999999999971,10.1666666666667
"359",29,600,0,0.666666666666667,1,3.92000000000189,8.83333333333333
"360",30,600,0,0.666666666666667,1,4.06999999999971,13.6666666666667
"361",1,600,0,1,0,4,15.1666666666667
"362",2,600,0,1,0,3.95000000000073,9.83333333333333
"363",3,600,0,1,0,4.16999999999825,14.1666666666667
"364",4,600,0,1,0,3.86999999999898,11.3333333333333
"365",5,600,0,1,0,4.01000000000204,9.33333333333333
"366",6,600,0,1,0,4.20999999999913,16.1666666666667
"367",7,600,0,1,0,4.09000000000015,10.1666666666667
"368",8,600,0,1,0,4.10000000000218,25
"369",9,600,0,1,0,4.0099999999984,9.33333333333333
"370",10,600,0,1,0,3.93000000000029,26.6666666666667
"371",11,600,0,1,0,4.13999999999942,26.1666666666667
"372",12,600,0,1,0,3.88000000000102,2.33333333333333
"373",13,600,0,1,0,3.97999999999956,26.8333333333333
"374",14,600,0,1,0,7.15999999999985,17.5
"375",15,600,0,1,0,3.90000000000146,7.83333333333333
"376",16,600,0,1,0,4.06999999999971,10
"377",17,600,0,1,0,3.98999999999796,18.6666666666667
"378",18,600,0,1,0,3.95000000000073,10.3333333333333
"379",19,600,0,1,0,4.09999999999854,12.5
"380",20,600,0,1,0,3.90000000000146,14.8333333333333
"381",21,600,0,1,0,3.97999999999956,20.5
"382",22,600,0,1,0,4.08000000000175,17.5
"383",23,600,0,1,0,3.87000000000262,2.33333333333333
"384",24,600,0,1,0,4.04000000000087,9
"385",25,600,0,1,0,4.03999999999724,8.33333333333333
"386",26,600,0,1,0,4.10000000000218,10.1666666666667
"387",27,600,0,1,0,4.31999999999971,16.8333333333333
"388",28,600,0,1,0,8.59999999999854,16.8333333333333
"389",29,600,0,1,0,5.27999999999884,24.6666666666667
"390",30,600,0,1,0,4.51000000000204,17.8333333333333
"391",1,600,0,1,0.333333333333333,3.97999999999956,25.5
"392",2,600,0,1,0.333333333333333,4.15000000000146,18.6666666666667
"393",3,600,0,1,0.333333333333333,4.18000000000029,19.1666666666667
"394",4,600,0,1,0.333333333333333,4.09000000000015,18.6666666666667
"395",5,600,0,1,0.333333333333333,7.04000000000087,24.5
"396",6,600,0,1,0.333333333333333,12.6700000000019,17.1666666666667
"397",7,600,0,1,0.333333333333333,12.0900000000001,15.5
"398",8,600,0,1,0.333333333333333,13.619999999999,10.3333333333333
"399",9,600,0,1,0.333333333333333,8.96000000000276,19.6666666666667
"400",10,600,0,1,0.333333333333333,7.37999999999738,7.33333333333333
"401",11,600,0,1,0.333333333333333,9.28000000000247,28.8333333333333
"402",12,600,0,1,0.333333333333333,4.40999999999985,19.1666666666667
"403",13,600,0,1,0.333333333333333,4.2599999999984,17
"404",14,600,0,1,0.333333333333333,4.29000000000087,9.5
"405",15,600,0,1,0.333333333333333,6.30999999999767,27.3333333333333
"406",16,600,0,1,0.333333333333333,6.36000000000058,17.3333333333333
"407",17,600,0,1,0.333333333333333,4.34000000000015,15
"408",18,600,0,1,0.333333333333333,5.65999999999985,17.1666666666667
"409",19,600,0,1,0.333333333333333,4.40000000000146,19.6666666666667
"410",20,600,0,1,0.333333333333333,4.05999999999767,10.1666666666667
"411",21,600,0,1,0.333333333333333,4.15999999999985,23.8333333333333
"412",22,600,0,1,0.333333333333333,9.55000000000291,17.1666666666667
"413",23,600,0,1,0.333333333333333,4.32999999999811,34.5
"414",24,600,0,1,0.333333333333333,4.70000000000073,4.33333333333333
"415",25,600,0,1,0.333333333333333,4.27000000000044,20
"416",26,600,0,1,0.333333333333333,4.11999999999898,24.6666666666667
"417",27,600,0,1,0.333333333333333,4.29000000000087,14
"418",28,600,0,1,0.333333333333333,4.43999999999869,18.5
"419",29,600,0,1,0.333333333333333,4.18999999999869,25.1666666666667
"420",30,600,0,1,0.333333333333333,4.18000000000029,25.5
"421",1,600,0,1,0.666666666666667,4.2599999999984,19.1666666666667
"422",2,600,0,1,0.666666666666667,4.43000000000029,15.6666666666667
"423",3,600,0,1,0.666666666666667,10.0600000000013,8.5
"424",4,600,0,1,0.666666666666667,12.619999999999,18.6666666666667
"425",5,600,0,1,0.666666666666667,12.7900000000009,8.83333333333333
"426",6,600,0,1,0.666666666666667,13.1499999999978,19.3333333333333
"427",7,600,0,1,0.666666666666667,13.619999999999,21.3333333333333
"428",8,600,0,1,0.666666666666667,13.2000000000007,11.8333333333333
"429",9,600,0,1,0.666666666666667,12.5299999999988,12.1666666666667
"430",10,600,0,1,0.666666666666667,13.6499999999978,9.66666666666667
"431",11,600,0,1,0.666666666666667,12.6900000000023,18
"432",12,600,0,1,0.666666666666667,13.5900000000001,9.66666666666667
"433",13,600,0,1,0.666666666666667,13.4000000000015,27.5
"434",14,600,0,1,0.666666666666667,13.5199999999968,19
"435",15,600,0,1,0.666666666666667,12.8199999999997,9
"436",16,600,0,1,0.666666666666667,12.7299999999996,24.8333333333333
"437",17,600,0,1,0.666666666666667,13.7099999999991,8.83333333333333
"438",18,600,0,1,0.666666666666667,13.119999999999,24.1666666666667
"439",19,600,0,1,0.666666666666667,13.0699999999997,16.3333333333333
"440",20,600,0,1,0.666666666666667,13.010000000002,7.66666666666667
"441",21,600,0,1,0.666666666666667,11.8600000000006,27.6666666666667
"442",22,600,0,1,0.666666666666667,12.4799999999996,3.66666666666667
"443",23,600,0,1,0.666666666666667,12.3400000000001,9.5
"444",24,600,0,1,0.666666666666667,11.8300000000017,10.6666666666667
"445",25,600,0,1,0.666666666666667,12.25,24.6666666666667
"446",26,600,0,1,0.666666666666667,13.2900000000009,10.8333333333333
"447",27,600,0,1,0.666666666666667,12.5300000000025,8.66666666666667
"448",28,600,0,1,0.666666666666667,12.6499999999978,14.8333333333333
"449",29,600,0,1,0.666666666666667,12.9799999999996,11.6666666666667
"450",30,600,0,1,0.666666666666667,11.8199999999997,25.8333333333333
"451",1,600,0,1,1,13.3099999999977,20.6666666666667
"452",2,600,0,1,1,13.119999999999,10.5
"453",3,600,0,1,1,13.0900000000001,9.83333333333333
"454",4,600,0,1,1,12.9399999999987,9.66666666666667
"455",5,600,0,1,1,10.8400000000001,7.83333333333333
"456",6,600,0,1,1,12.3300000000017,18.5
"457",7,600,0,1,1,12.619999999999,1.5
"458",8,600,0,1,1,11.9200000000019,19.3333333333333
"459",9,600,0,1,1,11.4599999999991,10.6666666666667
"460",10,600,0,1,1,13.6800000000003,25.5
"461",11,600,0,1,1,12.9200000000019,17.6666666666667
"462",12,600,0,1,1,12.6599999999999,8.66666666666667
"463",13,600,0,1,1,11.8500000000022,35.6666666666667
"464",14,600,0,1,1,12.7999999999993,15.5
"465",15,600,0,1,1,12.0900000000001,16.1666666666667
"466",16,600,0,1,1,12.6099999999969,27.8333333333333
"467",17,600,0,1,1,13.5200000000004,17.1666666666667
"468",18,600,0,1,1,13.0800000000017,24.8333333333333
"469",19,600,0,1,1,13.3099999999977,11.3333333333333
"470",20,600,0,1,1,12.6999999999971,27
"471",21,600,0,1,1,13.6499999999978,22.1666666666667
"472",22,600,0,1,1,9.45000000000073,26.8333333333333
"473",23,600,0,1,1,11.8400000000001,8.66666666666667
"474",24,600,0,1,1,13.2299999999996,16.5
"475",25,600,0,1,1,13.8300000000017,10.1666666666667
"476",26,600,0,1,1,12.9300000000003,26.5
"477",27,600,0,1,1,11.6399999999994,16
"478",28,600,0,1,1,12.2000000000007,26.6666666666667
"479",29,600,0,1,1,12.6599999999999,7.66666666666667
"480",30,600,0,1,1,13.2400000000016,18.3333333333333
"481",1,600,0.333333333333333,0,0,13.5299999999988,10
"482",2,600,0.333333333333333,0,0,11.7999999999993,17.1666666666667
"483",3,600,0.333333333333333,0,0,12.7700000000004,6.5
"484",4,600,0.333333333333333,0,0,13.4599999999991,5.16666666666667
"485",5,600,0.333333333333333,0,0,13.8899999999994,9.83333333333333
"486",6,600,0.333333333333333,0,0,13.1999999999971,9.5
"487",7,600,0.333333333333333,0,0,13.510000000002,12.3333333333333
"488",8,600,0.333333333333333,0,0,11.8600000000006,8.83333333333333
"489",9,600,0.333333333333333,0,0,11.6800000000003,10.1666666666667
"490",10,600,0.333333333333333,0,0,11.619999999999,2.66666666666667
"491",11,600,0.333333333333333,0,0,12.7000000000007,8.5
"492",12,600,0.333333333333333,0,0,12.4500000000007,9
"493",13,600,0.333333333333333,0,0,12.9599999999991,7
"494",14,600,0.333333333333333,0,0,13.9799999999996,11.5
"495",15,600,0.333333333333333,0,0,13.5099999999984,10.5
"496",16,600,0.333333333333333,0,0,13.2000000000007,7.16666666666667
"497",17,600,0.333333333333333,0,0,12.0099999999984,10.8333333333333
"498",18,600,0.333333333333333,0,0,12.760000000002,8.66666666666667
"499",19,600,0.333333333333333,0,0,13,9.83333333333333
"500",20,600,0.333333333333333,0,0,11.619999999999,7.33333333333333
"501",21,600,0.333333333333333,0,0,13.3600000000006,10
"502",22,600,0.333333333333333,0,0,11.380000000001,10.1666666666667
"503",23,600,0.333333333333333,0,0,13.7299999999996,11.1666666666667
"504",24,600,0.333333333333333,0,0,13.2999999999993,8.33333333333333
"505",25,600,0.333333333333333,0,0,13.3500000000022,12.6666666666667
"506",26,600,0.333333333333333,0,0,13.0400000000009,13.3333333333333
"507",27,600,0.333333333333333,0,0,13.7299999999996,12
"508",28,600,0.333333333333333,0,0,13.7099999999991,11
"509",29,600,0.333333333333333,0,0,11.869999999999,7.5
"510",30,600,0.333333333333333,0,0,13.1800000000003,16.5
"511",1,600,0.333333333333333,0,0.333333333333333,11.9900000000016,7
"512",2,600,0.333333333333333,0,0.333333333333333,11.6500000000015,10.3333333333333
"513",3,600,0.333333333333333,0,0.333333333333333,13.9300000000003,15
"514",4,600,0.333333333333333,0,0.333333333333333,13.2299999999996,10.1666666666667
"515",5,600,0.333333333333333,0,0.333333333333333,13.5,12
"516",6,600,0.333333333333333,0,0.333333333333333,12.8400000000001,12
"517",7,600,0.333333333333333,0,0.333333333333333,12.619999999999,10.8333333333333
"518",8,600,0.333333333333333,0,0.333333333333333,13.2199999999975,7.16666666666667
"519",9,600,0.333333333333333,0,0.333333333333333,13.4400000000023,15.5
"520",10,600,0.333333333333333,0,0.333333333333333,13.260000000002,11.8333333333333
"521",11,600,0.333333333333333,0,0.333333333333333,14.1800000000003,13.5
"522",12,600,0.333333333333333,0,0.333333333333333,12.1000000000022,7
"523",13,600,0.333333333333333,0,0.333333333333333,12.8199999999997,16.6666666666667
"524",14,600,0.333333333333333,0,0.333333333333333,13.5900000000001,13
"525",15,600,0.333333333333333,0,0.333333333333333,13.5099999999984,8.16666666666667
"526",16,600,0.333333333333333,0,0.333333333333333,13.4800000000032,14.1666666666667
"527",17,600,0.333333333333333,0,0.333333333333333,13.5900000000001,13.8333333333333
"528",18,600,0.333333333333333,0,0.333333333333333,13.239999999998,8.83333333333333
"529",19,600,0.333333333333333,0,0.333333333333333,13.1800000000003,9.33333333333333
"530",20,600,0.333333333333333,0,0.333333333333333,13.5800000000017,6.33333333333333
"531",21,600,0.333333333333333,0,0.333333333333333,13.8399999999965,6.83333333333333
"532",22,600,0.333333333333333,0,0.333333333333333,13,8.33333333333333
"533",23,600,0.333333333333333,0,0.333333333333333,13.1700000000019,8.33333333333333
"534",24,600,0.333333333333333,0,0.333333333333333,13.3400000000001,4.83333333333333
"535",25,600,0.333333333333333,0,0.333333333333333,13.2000000000007,12.6666666666667
"536",26,600,0.333333333333333,0,0.333333333333333,12.8400000000001,8.33333333333333
"537",27,600,0.333333333333333,0,0.333333333333333,11.6000000000022,8.66666666666667
"538",28,600,0.333333333333333,0,0.333333333333333,8.20000000000073,12.6666666666667
"539",29,600,0.333333333333333,0,0.333333333333333,11.9700000000012,10.6666666666667
"540",30,600,0.333333333333333,0,0.333333333333333,13.7300000000032,10.6666666666667
"541",1,600,0.333333333333333,0,0.666666666666667,12.5400000000009,10
"542",2,600,0.333333333333333,0,0.666666666666667,5.47999999999956,7
"543",3,600,0.333333333333333,0,0.666666666666667,4.53999999999724,12
"544",4,600,0.333333333333333,0,0.666666666666667,4.04000000000087,10.6666666666667
"545",5,600,0.333333333333333,0,0.666666666666667,4.16999999999825,7.16666666666667
"546",6,600,0.333333333333333,0,0.666666666666667,4.15000000000146,8.66666666666667
"547",7,600,0.333333333333333,0,0.666666666666667,4.06999999999971,8.83333333333333
"548",8,600,0.333333333333333,0,0.666666666666667,4.30999999999767,9.16666666666667
"549",9,600,0.333333333333333,0,0.666666666666667,4.41999999999825,5.33333333333333
"550",10,600,0.333333333333333,0,0.666666666666667,9.09999999999854,10.1666666666667
"551",11,600,0.333333333333333,0,0.666666666666667,8.77999999999884,5.33333333333333
"552",12,600,0.333333333333333,0,0.666666666666667,4.38999999999942,14.6666666666667
"553",13,600,0.333333333333333,0,0.666666666666667,4.13000000000102,10
"554",14,600,0.333333333333333,0,0.666666666666667,4.09000000000015,13.6666666666667
"555",15,600,0.333333333333333,0,0.666666666666667,4.05999999999767,11
"556",16,600,0.333333333333333,0,0.666666666666667,4.09999999999854,10
"557",17,600,0.333333333333333,0,0.666666666666667,3.84000000000015,10.5
"558",18,600,0.333333333333333,0,0.666666666666667,4.01000000000204,7.83333333333333
"559",19,600,0.333333333333333,0,0.666666666666667,4.02999999999884,7.5
"560",20,600,0.333333333333333,0,0.666666666666667,3.93000000000029,11.5
"561",21,600,0.333333333333333,0,0.666666666666667,4.07999999999811,15.8333333333333
"562",22,600,0.333333333333333,0,0.666666666666667,3.97999999999956,9
"563",23,600,0.333333333333333,0,0.666666666666667,3.96000000000276,14.6666666666667
"564",24,600,0.333333333333333,0,0.666666666666667,4.16999999999825,11.1666666666667
"565",25,600,0.333333333333333,0,0.666666666666667,3.88000000000102,7.5
"566",26,600,0.333333333333333,0,0.666666666666667,3.98999999999796,7.5
"567",27,600,0.333333333333333,0,0.666666666666667,4.01000000000204,11.8333333333333
"568",28,600,0.333333333333333,0,0.666666666666667,3.89999999999782,10.1666666666667
"569",29,600,0.333333333333333,0,0.666666666666667,4.06999999999971,8.33333333333333
"570",30,600,0.333333333333333,0,0.666666666666667,3.94000000000233,10.3333333333333
"571",1,600,0.333333333333333,0,1,3.93000000000029,4.83333333333333
"572",2,600,0.333333333333333,0,1,4.17000000000189,10.3333333333333
"573",3,600,0.333333333333333,0,1,3.88999999999942,8.5
"574",4,600,0.333333333333333,0,1,4.04000000000087,11.6666666666667
"575",5,600,0.333333333333333,0,1,4.04000000000087,8.33333333333333
"576",6,600,0.333333333333333,0,1,3.97999999999956,7.33333333333333
"577",7,600,0.333333333333333,0,1,4.19000000000233,7.33333333333333
"578",8,600,0.333333333333333,0,1,4.13999999999942,6.66666666666667
"579",9,600,0.333333333333333,0,1,4.09999999999854,5.33333333333333
"580",10,600,0.333333333333333,0,1,4.63000000000102,9.16666666666667
"581",11,600,0.333333333333333,0,1,3.98999999999796,10.8333333333333
"582",12,600,0.333333333333333,0,1,4.15000000000146,11.8333333333333
"583",13,600,0.333333333333333,0,1,4.38000000000102,5
"584",14,600,0.333333333333333,0,1,4.14999999999782,10.3333333333333
"585",15,600,0.333333333333333,0,1,4.11999999999898,8.83333333333333
"586",16,600,0.333333333333333,0,1,4.01000000000204,7.16666666666667
"587",17,600,0.333333333333333,0,1,4.25,9.16666666666667
"588",18,600,0.333333333333333,0,1,4.34999999999854,13.6666666666667
"589",19,600,0.333333333333333,0,1,4.27999999999884,9
"590",20,600,0.333333333333333,0,1,4.39999999999782,6.5
"591",21,600,0.333333333333333,0,1,4.38000000000102,8.66666666666667
"592",22,600,0.333333333333333,0,1,4.84000000000378,15.1666666666667
"593",23,600,0.333333333333333,0,1,4.31999999999971,5
"594",24,600,0.333333333333333,0,1,4.54000000000087,15.8333333333333
"595",25,600,0.333333333333333,0,1,4.33000000000175,9.83333333333333
"596",26,600,0.333333333333333,0,1,9.44999999999709,10.1666666666667
"597",27,600,0.333333333333333,0,1,12.4499999999971,5.16666666666667
"598",28,600,0.333333333333333,0,1,12.1100000000006,9.33333333333333
"599",29,600,0.333333333333333,0,1,12,11.8333333333333
"600",30,600,0.333333333333333,0,1,10.7900000000009,8.16666666666667
"601",1,600,0.333333333333333,0.333333333333333,0,10.2799999999988,13.8333333333333
"602",2,600,0.333333333333333,0.333333333333333,0,4.52999999999884,12.8333333333333
"603",3,600,0.333333333333333,0.333333333333333,0,4.30999999999767,13
"604",4,600,0.333333333333333,0.333333333333333,0,4.31999999999971,11.3333333333333
"605",5,600,0.333333333333333,0.333333333333333,0,4.02000000000407,9.33333333333333
"606",6,600,0.333333333333333,0.333333333333333,0,3.95999999999913,12.8333333333333
"607",7,600,0.333333333333333,0.333333333333333,0,4.09999999999854,13.6666666666667
"608",8,600,0.333333333333333,0.333333333333333,0,4.23999999999796,9.66666666666667
"609",9,600,0.333333333333333,0.333333333333333,0,4.15000000000146,8.66666666666667
"610",10,600,0.333333333333333,0.333333333333333,0,4.37000000000262,11.5
"611",11,600,0.333333333333333,0.333333333333333,0,4.20999999999913,9
"612",12,600,0.333333333333333,0.333333333333333,0,4.44999999999709,11.5
"613",13,600,0.333333333333333,0.333333333333333,0,4.2300000000032,6.66666666666667
"614",14,600,0.333333333333333,0.333333333333333,0,4.04999999999563,10.6666666666667
"615",15,600,0.333333333333333,0.333333333333333,0,4.25,12
"616",16,600,0.333333333333333,0.333333333333333,0,4.18000000000029,8.66666666666667
"617",17,600,0.333333333333333,0.333333333333333,0,4.15000000000146,12
"618",18,600,0.333333333333333,0.333333333333333,0,4.15000000000146,10.6666666666667
"619",19,600,0.333333333333333,0.333333333333333,0,4.00999999999476,12.6666666666667
"620",20,600,0.333333333333333,0.333333333333333,0,4.28000000000611,12.5
"621",21,600,0.333333333333333,0.333333333333333,0,4.04999999999563,11.3333333333333
"622",22,600,0.333333333333333,0.333333333333333,0,4.01000000000204,10.3333333333333
"623",23,600,0.333333333333333,0.333333333333333,0,7.40999999999622,10.5
"624",24,600,0.333333333333333,0.333333333333333,0,9.39000000000669,13.1666666666667
"625",25,600,0.333333333333333,0.333333333333333,0,10.7699999999968,10.5
"626",26,600,0.333333333333333,0.333333333333333,0,10.8399999999965,10.3333333333333
"627",27,600,0.333333333333333,0.333333333333333,0,5.54000000000087,13.5
"628",28,600,0.333333333333333,0.333333333333333,0,5.01000000000204,7.66666666666667
"629",29,600,0.333333333333333,0.333333333333333,0,4.40999999999622,9
"630",30,600,0.333333333333333,0.333333333333333,0,4.34000000000378,13
"631",1,600,0.333333333333333,0.333333333333333,0.333333333333333,4.05999999999767,12
"632",2,600,0.333333333333333,0.333333333333333,0.333333333333333,4.04000000000087,13
"633",3,600,0.333333333333333,0.333333333333333,0.333333333333333,4.05999999999767,12.5
"634",4,600,0.333333333333333,0.333333333333333,0.333333333333333,4.0199999999968,10.5
"635",5,600,0.333333333333333,0.333333333333333,0.333333333333333,3.95000000000437,12.8333333333333
"636",6,600,0.333333333333333,0.333333333333333,0.333333333333333,4.23999999999796,12.1666666666667
"637",7,600,0.333333333333333,0.333333333333333,0.333333333333333,4.13999999999942,11
"638",8,600,0.333333333333333,0.333333333333333,0.333333333333333,4.34000000000378,9.83333333333333
"639",9,600,0.333333333333333,0.333333333333333,0.333333333333333,4.59999999999854,7.83333333333333
"640",10,600,0.333333333333333,0.333333333333333,0.333333333333333,4.00999999999476,9.33333333333333
"641",11,600,0.333333333333333,0.333333333333333,0.333333333333333,4.15000000000146,8.66666666666667
"642",12,600,0.333333333333333,0.333333333333333,0.333333333333333,4.27999999999884,9.16666666666667
"643",13,600,0.333333333333333,0.333333333333333,0.333333333333333,4.05000000000291,10.6666666666667
"644",14,600,0.333333333333333,0.333333333333333,0.333333333333333,4.06999999999971,9.83333333333333
"645",15,600,0.333333333333333,0.333333333333333,0.333333333333333,4.10000000000582,11
"646",16,600,0.333333333333333,0.333333333333333,0.333333333333333,4.08999999999651,13.8333333333333
"647",17,600,0.333333333333333,0.333333333333333,0.333333333333333,4.37000000000262,11.8333333333333
"648",18,600,0.333333333333333,0.333333333333333,0.333333333333333,4.34999999999854,11.3333333333333
"649",19,600,0.333333333333333,0.333333333333333,0.333333333333333,4.05999999999767,12
"650",20,600,0.333333333333333,0.333333333333333,0.333333333333333,4.30999999999767,11.3333333333333
"651",21,600,0.333333333333333,0.333333333333333,0.333333333333333,3.9800000000032,7.5
"652",22,600,0.333333333333333,0.333333333333333,0.333333333333333,4.17999999999302,12
"653",23,600,0.333333333333333,0.333333333333333,0.333333333333333,4.14000000000669,11.1666666666667
"654",24,600,0.333333333333333,0.333333333333333,0.333333333333333,4.21999999999389,11.3333333333333
"655",25,600,0.333333333333333,0.333333333333333,0.333333333333333,8.74000000000524,9.33333333333333
"656",26,600,0.333333333333333,0.333333333333333,0.333333333333333,10.3399999999965,11.5
"657",27,600,0.333333333333333,0.333333333333333,0.333333333333333,10.6399999999994,7.66666666666667
"658",28,600,0.333333333333333,0.333333333333333,0.333333333333333,13.3100000000049,15
"659",29,600,0.333333333333333,0.333333333333333,0.333333333333333,12.0900000000038,12.5
"660",30,600,0.333333333333333,0.333333333333333,0.333333333333333,10.2799999999988,13.3333333333333
"661",1,600,0.333333333333333,0.333333333333333,0.666666666666667,12.2000000000044,12.3333333333333
"662",2,600,0.333333333333333,0.333333333333333,0.666666666666667,8.55000000000291,11.6666666666667
"663",3,600,0.333333333333333,0.333333333333333,0.666666666666667,10.8399999999965,10.1666666666667
"664",4,600,0.333333333333333,0.333333333333333,0.666666666666667,11.3700000000026,11
"665",5,600,0.333333333333333,0.333333333333333,0.666666666666667,9.0399999999936,10.5
"666",6,600,0.333333333333333,0.333333333333333,0.666666666666667,11.3800000000047,6.66666666666667
"667",7,600,0.333333333333333,0.333333333333333,0.666666666666667,9.49000000000524,11
"668",8,600,0.333333333333333,0.333333333333333,0.666666666666667,13.1800000000003,8.5
"669",9,600,0.333333333333333,0.333333333333333,0.666666666666667,9.81999999999971,12.5
"670",10,600,0.333333333333333,0.333333333333333,0.666666666666667,8.34999999999854,12.3333333333333
"671",11,600,0.333333333333333,0.333333333333333,0.666666666666667,4.44000000000233,11.5
"672",12,600,0.333333333333333,0.333333333333333,0.666666666666667,4.11000000000058,9.16666666666667
"673",13,600,0.333333333333333,0.333333333333333,0.666666666666667,4.30999999999767,14.6666666666667
"674",14,600,0.333333333333333,0.333333333333333,0.666666666666667,4.29000000000087,10.6666666666667
"675",15,600,0.333333333333333,0.333333333333333,0.666666666666667,11.010000000002,9.5
"676",16,600,0.333333333333333,0.333333333333333,0.666666666666667,8.54999999999563,12.8333333333333
"677",17,600,0.333333333333333,0.333333333333333,0.666666666666667,4.43000000000029,8.5
"678",18,600,0.333333333333333,0.333333333333333,0.666666666666667,4.13000000000466,11
"679",19,600,0.333333333333333,0.333333333333333,0.666666666666667,4.2699999999968,9.16666666666667
"680",20,600,0.333333333333333,0.333333333333333,0.666666666666667,4.22999999999593,12
"681",21,600,0.333333333333333,0.333333333333333,0.666666666666667,4.29000000000087,13.8333333333333
"682",22,600,0.333333333333333,0.333333333333333,0.666666666666667,4.2300000000032,10
"683",23,600,0.333333333333333,0.333333333333333,0.666666666666667,4.25,7.83333333333333
"684",24,600,0.333333333333333,0.333333333333333,0.666666666666667,4.15000000000146,10.5
"685",25,600,0.333333333333333,0.333333333333333,0.666666666666667,4.20000000000437,12.8333333333333
"686",26,600,0.333333333333333,0.333333333333333,0.666666666666667,7.22999999999593,11.6666666666667
"687",27,600,0.333333333333333,0.333333333333333,0.666666666666667,4.2699999999968,9
"688",28,600,0.333333333333333,0.333333333333333,0.666666666666667,4.19000000000233,13
"689",29,600,0.333333333333333,0.333333333333333,0.666666666666667,6.19000000000233,10.8333333333333
"690",30,600,0.333333333333333,0.333333333333333,0.666666666666667,6.54000000000087,13.1666666666667
"691",1,600,0.333333333333333,0.333333333333333,1,4.06999999999971,10.3333333333333
"692",2,600,0.333333333333333,0.333333333333333,1,4.16000000000349,9.33333333333333
"693",3,600,0.333333333333333,0.333333333333333,1,4.18000000000029,11.1666666666667
"694",4,600,0.333333333333333,0.333333333333333,1,4.16999999999825,10.1666666666667
